commit,mlir_llvm_version,cuda_version,job_id,date,device,workload,shape,dtype,variant,pipeline,max_abs_err,rms_err,max_err_over_bound,bitwise_diff_vs_cpu_scalar,bitwise_diff_fraction,max_abs_diff_vs_cpu_scalar,bitwise_diff_vs_gpu_naive
e5e1490-dirty,23.1.2,13.3,24105050,2026-09-27T04:19:09-07:00,AMD EPYC 9554 64-Core Processor,mbr,256x256x256,f32,cpu-scalar,tforge-cpu-pipeline{},1.424e-05,1.095e-06,0.01381,0,0.0000,0,25992
e5e1490-dirty,23.1.2,13.3,24105050,2026-09-27T04:19:09-07:00,AMD EPYC 9554 64-Core Processor,mbr,256x256x256,f32,cpu-fused-tiled-32,"tforge-cpu-pipeline{fuse-elementwise=1 tile-sizes=32,32}",1.424e-05,1.095e-06,0.01381,0,0.0000,0,25992
e5e1490-dirty,23.1.2,13.3,24105050,2026-09-27T04:19:09-07:00,AMD EPYC 9554 64-Core Processor,mbr,256x256x256,f32,cpu-vec-kr1,"tforge-cpu-pipeline{fuse-elementwise=1 reg-tile=6,16,1 vectorize=1}",1.424e-05,1.087e-06,0.0129,25992,0.3966,5.722e-06,0
e5e1490-dirty,23.1.2,13.3,24105050,2026-09-27T04:19:09-07:00,AMD EPYC 9554 64-Core Processor,mbr,256x256x256,f32,cpu-vec-kr4,"tforge-cpu-pipeline{fuse-elementwise=1 reg-tile=6,16,4 vectorize=1}",1.424e-05,1.087e-06,0.0129,25992,0.3966,5.722e-06,0
e5e1490-dirty,23.1.2,13.3,24105050,2026-09-27T04:19:09-07:00,AMD EPYC 9554 64-Core Processor,mbr,256x256x256,f32,numpy-openblas,"numpy matmul (+ add, maximum), 1 thread",1.424e-05,1.087e-06,0.0129,25992,0.3966,5.722e-06,0
e5e1490-dirty,23.1.2,13.3,24105050,2026-09-27T04:19:09-07:00,NVIDIA RTX PRO 6000 Blackwell Max-Q Workstation Edition,mbr,256x256x256,f32,gpu-naive,"tforge-gpu-pipeline{block-tile=16,16 thread-tile=1,1}",1.424e-05,1.087e-06,0.0129,25992,0.3966,5.722e-06,0
e5e1490-dirty,23.1.2,13.3,24105050,2026-09-27T04:19:09-07:00,NVIDIA RTX PRO 6000 Blackwell Max-Q Workstation Edition,mbr,256x256x256,f32,gpu-staged-bk8,"tforge-gpu-pipeline{block-tile=128,64 thread-tile=8,4 tile-k=8 promote=1 vectorize=1}",1.424e-05,1.087e-06,0.0129,25992,0.3966,5.722e-06,0
e5e1490-dirty,23.1.2,13.3,24105050,2026-09-27T04:19:09-07:00,NVIDIA RTX PRO 6000 Blackwell Max-Q Workstation Edition,mbr,256x256x256,f32,gpu-staged-bk16,"tforge-gpu-pipeline{block-tile=128,64 thread-tile=8,4 tile-k=16 promote=1 vectorize=1}",1.424e-05,1.087e-06,0.0129,25992,0.3966,5.722e-06,0
e5e1490-dirty,23.1.2,13.3,24105050,2026-09-27T04:19:09-07:00,NVIDIA RTX PRO 6000 Blackwell Max-Q Workstation Edition,mbr,256x256x256,f32,gpu-staged-bk32,"tforge-gpu-pipeline{block-tile=128,64 thread-tile=8,4 tile-k=32 promote=1 vectorize=1}",1.424e-05,1.087e-06,0.0129,25992,0.3966,5.722e-06,0
e5e1490-dirty,23.1.2,13.3,24105050,2026-09-27T04:19:09-07:00,NVIDIA RTX PRO 6000 Blackwell Max-Q Workstation Edition,mbr,256x256x256,f32,cublas,cublasSgemm FP32 default math + bias_relu,5.671e-06,5.717e-07,0.005956,29135,0.4446,1.526e-05,29049
e5e1490-dirty,23.1.2,13.3,24105050,2026-09-27T04:19:09-07:00,AMD EPYC 9554 64-Core Processor,mbr,1000x1000x1000,f32,cpu-scalar,tforge-cpu-pipeline{},5.559e-05,4.244e-06,0.00366,0,0.0000,0,431762
e5e1490-dirty,23.1.2,13.3,24105050,2026-09-27T04:19:09-07:00,AMD EPYC 9554 64-Core Processor,mbr,1000x1000x1000,f32,cpu-fused-tiled-32,"tforge-cpu-pipeline{fuse-elementwise=1 tile-sizes=32,32}",5.559e-05,4.244e-06,0.00366,0,0.0000,0,431762
e5e1490-dirty,23.1.2,13.3,24105050,2026-09-27T04:19:09-07:00,AMD EPYC 9554 64-Core Processor,mbr,1000x1000x1000,f32,cpu-vec-kr1,"tforge-cpu-pipeline{fuse-elementwise=1 reg-tile=6,16,1 vectorize=1}",5.559e-05,4.231e-06,0.00366,431762,0.4318,1.907e-05,0
e5e1490-dirty,23.1.2,13.3,24105050,2026-09-27T04:19:09-07:00,AMD EPYC 9554 64-Core Processor,mbr,1000x1000x1000,f32,cpu-vec-kr4,"tforge-cpu-pipeline{fuse-elementwise=1 reg-tile=6,16,4 vectorize=1}",5.559e-05,4.231e-06,0.00366,431762,0.4318,1.907e-05,0
e5e1490-dirty,23.1.2,13.3,24105050,2026-09-27T04:19:09-07:00,AMD EPYC 9554 64-Core Processor,mbr,1000x1000x1000,f32,numpy-openblas,"numpy matmul (+ add, maximum), 1 thread",3.624e-05,2.996e-06,0.002411,469340,0.4693,7.629e-05,463849
e5e1490-dirty,23.1.2,13.3,24105050,2026-09-27T04:19:09-07:00,NVIDIA RTX PRO 6000 Blackwell Max-Q Workstation Edition,mbr,1000x1000x1000,f32,gpu-naive,"tforge-gpu-pipeline{block-tile=16,16 thread-tile=1,1}",5.559e-05,4.231e-06,0.00366,431762,0.4318,1.907e-05,0
e5e1490-dirty,23.1.2,13.3,24105050,2026-09-27T04:19:09-07:00,NVIDIA RTX PRO 6000 Blackwell Max-Q Workstation Edition,mbr,1000x1000x1000,f32,gpu-staged-bk8,"tforge-gpu-pipeline{block-tile=128,64 thread-tile=8,4 tile-k=8 promote=1 vectorize=1}",5.559e-05,4.231e-06,0.00366,431762,0.4318,1.907e-05,0
e5e1490-dirty,23.1.2,13.3,24105050,2026-09-27T04:19:09-07:00,NVIDIA RTX PRO 6000 Blackwell Max-Q Workstation Edition,mbr,1000x1000x1000,f32,gpu-staged-bk16,"tforge-gpu-pipeline{block-tile=128,64 thread-tile=8,4 tile-k=16 promote=1 vectorize=1}",5.559e-05,4.231e-06,0.00366,431762,0.4318,1.907e-05,0
e5e1490-dirty,23.1.2,13.3,24105050,2026-09-27T04:19:09-07:00,NVIDIA RTX PRO 6000 Blackwell Max-Q Workstation Edition,mbr,1000x1000x1000,f32,gpu-staged-bk32,"tforge-gpu-pipeline{block-tile=128,64 thread-tile=8,4 tile-k=32 promote=1 vectorize=1}",5.559e-05,4.231e-06,0.00366,431762,0.4318,1.907e-05,0
e5e1490-dirty,23.1.2,13.3,24105050,2026-09-27T04:19:09-07:00,NVIDIA RTX PRO 6000 Blackwell Max-Q Workstation Edition,mbr,1000x1000x1000,f32,cublas,cublasSgemm FP32 default math + bias_relu,2.189e-05,2.144e-06,0.001442,472451,0.4725,6.104e-05,471498
e5e1490-dirty,23.1.2,13.3,24105050,2026-09-27T04:19:09-07:00,AMD EPYC 9554 64-Core Processor,mbr,777x1111x333,f32,cpu-scalar,tforge-cpu-pipeline{},2.31e-05,1.421e-06,0.0143,0,0.0000,0,352148
e5e1490-dirty,23.1.2,13.3,24105050,2026-09-27T04:19:09-07:00,AMD EPYC 9554 64-Core Processor,mbr,777x1111x333,f32,cpu-fused-tiled-32,"tforge-cpu-pipeline{fuse-elementwise=1 tile-sizes=32,32}",2.31e-05,1.421e-06,0.0143,0,0.0000,0,352148
e5e1490-dirty,23.1.2,13.3,24105050,2026-09-27T04:19:09-07:00,AMD EPYC 9554 64-Core Processor,mbr,777x1111x333,f32,cpu-vec-kr1,"tforge-cpu-pipeline{fuse-elementwise=1 reg-tile=6,16,1 vectorize=1}",2.422e-05,1.41e-06,0.01466,352148,0.4079,1.144e-05,0
e5e1490-dirty,23.1.2,13.3,24105050,2026-09-27T04:19:09-07:00,AMD EPYC 9554 64-Core Processor,mbr,777x1111x333,f32,cpu-vec-kr4,"tforge-cpu-pipeline{fuse-elementwise=1 reg-tile=6,16,4 vectorize=1}",2.422e-05,1.41e-06,0.01466,352148,0.4079,1.144e-05,0
e5e1490-dirty,23.1.2,13.3,24105050,2026-09-27T04:19:09-07:00,AMD EPYC 9554 64-Core Processor,mbr,777x1111x333,f32,numpy-openblas,"numpy matmul (+ add, maximum), 1 thread",2.422e-05,1.41e-06,0.01466,352148,0.4079,1.144e-05,0
e5e1490-dirty,23.1.2,13.3,24105050,2026-09-27T04:19:09-07:00,NVIDIA RTX PRO 6000 Blackwell Max-Q Workstation Edition,mbr,777x1111x333,f32,gpu-naive,"tforge-gpu-pipeline{block-tile=16,16 thread-tile=1,1}",2.422e-05,1.41e-06,0.01466,352148,0.4079,1.144e-05,0
e5e1490-dirty,23.1.2,13.3,24105050,2026-09-27T04:19:09-07:00,NVIDIA RTX PRO 6000 Blackwell Max-Q Workstation Edition,mbr,777x1111x333,f32,gpu-staged-bk8,"tforge-gpu-pipeline{block-tile=128,64 thread-tile=8,4 tile-k=8 promote=1 vectorize=1}",2.422e-05,1.41e-06,0.01466,352148,0.4079,1.144e-05,0
e5e1490-dirty,23.1.2,13.3,24105050,2026-09-27T04:19:09-07:00,NVIDIA RTX PRO 6000 Blackwell Max-Q Workstation Edition,mbr,777x1111x333,f32,gpu-staged-bk16,"tforge-gpu-pipeline{block-tile=128,64 thread-tile=8,4 tile-k=16 promote=1 vectorize=1}",2.422e-05,1.41e-06,0.01466,352148,0.4079,1.144e-05,0
e5e1490-dirty,23.1.2,13.3,24105050,2026-09-27T04:19:09-07:00,NVIDIA RTX PRO 6000 Blackwell Max-Q Workstation Edition,mbr,777x1111x333,f32,gpu-staged-bk32,"tforge-gpu-pipeline{block-tile=128,64 thread-tile=8,4 tile-k=32 promote=1 vectorize=1}",2.422e-05,1.41e-06,0.01466,352148,0.4079,1.144e-05,0
e5e1490-dirty,23.1.2,13.3,24105050,2026-09-27T04:19:09-07:00,NVIDIA RTX PRO 6000 Blackwell Max-Q Workstation Edition,mbr,777x1111x333,f32,cublas,cublasSgemm FP32 default math + bias_relu,2.422e-05,1.41e-06,0.01466,352148,0.4079,1.144e-05,0
e5e1490-dirty,23.1.2,13.3,24105050,2026-09-27T04:19:09-07:00,AMD EPYC 9554 64-Core Processor,mbr,512x512x4096,f32,cpu-scalar,tforge-cpu-pipeline{},0.0002323,1.727e-05,0.0009102,0,0.0000,0,119574
e5e1490-dirty,23.1.2,13.3,24105050,2026-09-27T04:19:09-07:00,AMD EPYC 9554 64-Core Processor,mbr,512x512x4096,f32,cpu-fused-tiled-32,"tforge-cpu-pipeline{fuse-elementwise=1 tile-sizes=32,32}",0.0002323,1.727e-05,0.0009102,0,0.0000,0,119574
e5e1490-dirty,23.1.2,13.3,24105050,2026-09-27T04:19:09-07:00,AMD EPYC 9554 64-Core Processor,mbr,512x512x4096,f32,cpu-vec-kr1,"tforge-cpu-pipeline{fuse-elementwise=1 reg-tile=6,16,1 vectorize=1}",0.0002399,1.726e-05,0.0009401,119574,0.4561,5.341e-05,0
e5e1490-dirty,23.1.2,13.3,24105050,2026-09-27T04:19:09-07:00,AMD EPYC 9554 64-Core Processor,mbr,512x512x4096,f32,cpu-vec-kr4,"tforge-cpu-pipeline{fuse-elementwise=1 reg-tile=6,16,4 vectorize=1}",0.0002399,1.726e-05,0.0009401,119574,0.4561,5.341e-05,0
e5e1490-dirty,23.1.2,13.3,24105050,2026-09-27T04:19:09-07:00,AMD EPYC 9554 64-Core Processor,mbr,512x512x4096,f32,numpy-openblas,"numpy matmul (+ add, maximum), 1 thread",5.506e-05,6.202e-06,0.0002209,128182,0.4890,0.0002327,128152
e5e1490-dirty,23.1.2,13.3,24105050,2026-09-27T04:19:09-07:00,NVIDIA RTX PRO 6000 Blackwell Max-Q Workstation Edition,mbr,512x512x4096,f32,gpu-naive,"tforge-gpu-pipeline{block-tile=16,16 thread-tile=1,1}",0.0002399,1.726e-05,0.0009401,119574,0.4561,5.341e-05,0
e5e1490-dirty,23.1.2,13.3,24105050,2026-09-27T04:19:09-07:00,NVIDIA RTX PRO 6000 Blackwell Max-Q Workstation Edition,mbr,512x512x4096,f32,gpu-staged-bk8,"tforge-gpu-pipeline{block-tile=128,64 thread-tile=8,4 tile-k=8 promote=1 vectorize=1}",0.0002399,1.726e-05,0.0009401,119574,0.4561,5.341e-05,0
e5e1490-dirty,23.1.2,13.3,24105050,2026-09-27T04:19:09-07:00,NVIDIA RTX PRO 6000 Blackwell Max-Q Workstation Edition,mbr,512x512x4096,f32,gpu-staged-bk16,"tforge-gpu-pipeline{block-tile=128,64 thread-tile=8,4 tile-k=16 promote=1 vectorize=1}",0.0002399,1.726e-05,0.0009401,119574,0.4561,5.341e-05,0
e5e1490-dirty,23.1.2,13.3,24105050,2026-09-27T04:19:09-07:00,NVIDIA RTX PRO 6000 Blackwell Max-Q Workstation Edition,mbr,512x512x4096,f32,gpu-staged-bk32,"tforge-gpu-pipeline{block-tile=128,64 thread-tile=8,4 tile-k=32 promote=1 vectorize=1}",0.0002399,1.726e-05,0.0009401,119574,0.4561,5.341e-05,0
e5e1490-dirty,23.1.2,13.3,24105050,2026-09-27T04:19:09-07:00,NVIDIA RTX PRO 6000 Blackwell Max-Q Workstation Edition,mbr,512x512x4096,f32,cublas,cublasSgemm FP32 default math + bias_relu,7.481e-05,7.785e-06,0.0002982,128195,0.4890,0.0002441,128266
e5e1490-dirty,23.1.2,13.3,24105050,2026-09-27T04:19:09-07:00,AMD EPYC 9554 64-Core Processor,matmul,256x256x256,f32,cpu-scalar,tforge-cpu-pipeline{},1.384e-05,1.542e-06,0.01365,0,0.0000,0,53303
e5e1490-dirty,23.1.2,13.3,24105050,2026-09-27T04:19:09-07:00,AMD EPYC 9554 64-Core Processor,matmul,256x256x256,f32,cpu-fused-tiled-32,"tforge-cpu-pipeline{fuse-elementwise=1 tile-sizes=32,32}",1.384e-05,1.542e-06,0.01365,0,0.0000,0,53303
e5e1490-dirty,23.1.2,13.3,24105050,2026-09-27T04:19:09-07:00,AMD EPYC 9554 64-Core Processor,matmul,256x256x256,f32,cpu-vec-kr1,"tforge-cpu-pipeline{fuse-elementwise=1 reg-tile=6,16,1 vectorize=1}",1.373e-05,1.531e-06,0.0136,53303,0.8133,5.722e-06,0
e5e1490-dirty,23.1.2,13.3,24105050,2026-09-27T04:19:09-07:00,AMD EPYC 9554 64-Core Processor,matmul,256x256x256,f32,cpu-vec-kr4,"tforge-cpu-pipeline{fuse-elementwise=1 reg-tile=6,16,4 vectorize=1}",1.373e-05,1.531e-06,0.0136,53303,0.8133,5.722e-06,0
e5e1490-dirty,23.1.2,13.3,24105050,2026-09-27T04:19:09-07:00,AMD EPYC 9554 64-Core Processor,matmul,256x256x256,f32,numpy-openblas,"numpy matmul (+ add, maximum), 1 thread",1.373e-05,1.531e-06,0.0136,53303,0.8133,5.722e-06,0
e5e1490-dirty,23.1.2,13.3,24105050,2026-09-27T04:19:09-07:00,NVIDIA RTX PRO 6000 Blackwell Max-Q Workstation Edition,matmul,256x256x256,f32,gpu-naive,"tforge-gpu-pipeline{block-tile=16,16 thread-tile=1,1}",1.373e-05,1.531e-06,0.0136,53303,0.8133,5.722e-06,0
e5e1490-dirty,23.1.2,13.3,24105050,2026-09-27T04:19:09-07:00,NVIDIA RTX PRO 6000 Blackwell Max-Q Workstation Edition,matmul,256x256x256,f32,gpu-staged-bk8,"tforge-gpu-pipeline{block-tile=128,64 thread-tile=8,4 tile-k=8 promote=1 vectorize=1}",1.373e-05,1.531e-06,0.0136,53303,0.8133,5.722e-06,0
e5e1490-dirty,23.1.2,13.3,24105050,2026-09-27T04:19:09-07:00,NVIDIA RTX PRO 6000 Blackwell Max-Q Workstation Edition,matmul,256x256x256,f32,gpu-staged-bk16,"tforge-gpu-pipeline{block-tile=128,64 thread-tile=8,4 tile-k=16 promote=1 vectorize=1}",1.373e-05,1.531e-06,0.0136,53303,0.8133,5.722e-06,0
e5e1490-dirty,23.1.2,13.3,24105050,2026-09-27T04:19:09-07:00,NVIDIA RTX PRO 6000 Blackwell Max-Q Workstation Edition,matmul,256x256x256,f32,gpu-staged-bk32,"tforge-gpu-pipeline{block-tile=128,64 thread-tile=8,4 tile-k=32 promote=1 vectorize=1}",1.373e-05,1.531e-06,0.0136,53303,0.8133,5.722e-06,0
e5e1490-dirty,23.1.2,13.3,24105050,2026-09-27T04:19:09-07:00,NVIDIA RTX PRO 6000 Blackwell Max-Q Workstation Edition,matmul,256x256x256,f32,cublas,cublasSgemm FP32 default math,5.251e-06,7.968e-07,0.005356,59300,0.9048,1.526e-05,59079
e5e1490-dirty,23.1.2,13.3,24105050,2026-09-27T04:19:09-07:00,AMD EPYC 9554 64-Core Processor,matmul,1000x1000x1000,f32,cpu-scalar,tforge-cpu-pipeline{},6.251e-05,5.989e-06,0.004104,0,0.0000,0,872060
e5e1490-dirty,23.1.2,13.3,24105050,2026-09-27T04:19:09-07:00,AMD EPYC 9554 64-Core Processor,matmul,1000x1000x1000,f32,cpu-fused-tiled-32,"tforge-cpu-pipeline{fuse-elementwise=1 tile-sizes=32,32}",6.251e-05,5.989e-06,0.004104,0,0.0000,0,872060
e5e1490-dirty,23.1.2,13.3,24105050,2026-09-27T04:19:09-07:00,AMD EPYC 9554 64-Core Processor,matmul,1000x1000x1000,f32,cpu-vec-kr1,"tforge-cpu-pipeline{fuse-elementwise=1 reg-tile=6,16,1 vectorize=1}",6.251e-05,5.971e-06,0.004104,872060,0.8721,1.907e-05,0
e5e1490-dirty,23.1.2,13.3,24105050,2026-09-27T04:19:09-07:00,AMD EPYC 9554 64-Core Processor,matmul,1000x1000x1000,f32,cpu-vec-kr4,"tforge-cpu-pipeline{fuse-elementwise=1 reg-tile=6,16,4 vectorize=1}",6.251e-05,5.971e-06,0.004104,872060,0.8721,1.907e-05,0
e5e1490-dirty,23.1.2,13.3,24105050,2026-09-27T04:19:09-07:00,AMD EPYC 9554 64-Core Processor,matmul,1000x1000x1000,f32,numpy-openblas,"numpy matmul (+ add, maximum), 1 thread",3.671e-05,4.23e-06,0.002445,943959,0.9440,7.629e-05,934947
e5e1490-dirty,23.1.2,13.3,24105050,2026-09-27T04:19:09-07:00,NVIDIA RTX PRO 6000 Blackwell Max-Q Workstation Edition,matmul,1000x1000x1000,f32,gpu-naive,"tforge-gpu-pipeline{block-tile=16,16 thread-tile=1,1}",6.251e-05,5.971e-06,0.004104,872060,0.8721,1.907e-05,0
e5e1490-dirty,23.1.2,13.3,24105050,2026-09-27T04:19:09-07:00,NVIDIA RTX PRO 6000 Blackwell Max-Q Workstation Edition,matmul,1000x1000x1000,f32,gpu-staged-bk8,"tforge-gpu-pipeline{block-tile=128,64 thread-tile=8,4 tile-k=8 promote=1 vectorize=1}",6.251e-05,5.971e-06,0.004104,872060,0.8721,1.907e-05,0
e5e1490-dirty,23.1.2,13.3,24105050,2026-09-27T04:19:09-07:00,NVIDIA RTX PRO 6000 Blackwell Max-Q Workstation Edition,matmul,1000x1000x1000,f32,gpu-staged-bk16,"tforge-gpu-pipeline{block-tile=128,64 thread-tile=8,4 tile-k=16 promote=1 vectorize=1}",6.251e-05,5.971e-06,0.004104,872060,0.8721,1.907e-05,0
e5e1490-dirty,23.1.2,13.3,24105050,2026-09-27T04:19:09-07:00,NVIDIA RTX PRO 6000 Blackwell Max-Q Workstation Edition,matmul,1000x1000x1000,f32,gpu-staged-bk32,"tforge-gpu-pipeline{block-tile=128,64 thread-tile=8,4 tile-k=32 promote=1 vectorize=1}",6.251e-05,5.971e-06,0.004104,872060,0.8721,1.907e-05,0
e5e1490-dirty,23.1.2,13.3,24105050,2026-09-27T04:19:09-07:00,NVIDIA RTX PRO 6000 Blackwell Max-Q Workstation Edition,matmul,1000x1000x1000,f32,cublas,cublasSgemm FP32 default math,2.147e-05,3.024e-06,0.001421,949922,0.9499,6.866e-05,948888
e5e1490-dirty,23.1.2,13.3,24105050,2026-09-27T04:19:09-07:00,AMD EPYC 9554 64-Core Processor,matmul,777x1111x333,f32,cpu-scalar,tforge-cpu-pipeline{},2.319e-05,2.003e-06,0.01455,0,0.0000,0,715030
e5e1490-dirty,23.1.2,13.3,24105050,2026-09-27T04:19:09-07:00,AMD EPYC 9554 64-Core Processor,matmul,777x1111x333,f32,cpu-fused-tiled-32,"tforge-cpu-pipeline{fuse-elementwise=1 tile-sizes=32,32}",2.319e-05,2.003e-06,0.01455,0,0.0000,0,715030
e5e1490-dirty,23.1.2,13.3,24105050,2026-09-27T04:19:09-07:00,AMD EPYC 9554 64-Core Processor,matmul,777x1111x333,f32,cpu-vec-kr1,"tforge-cpu-pipeline{fuse-elementwise=1 reg-tile=6,16,1 vectorize=1}",2.35e-05,1.987e-06,0.01438,715030,0.8283,9.537e-06,0
e5e1490-dirty,23.1.2,13.3,24105050,2026-09-27T04:19:09-07:00,AMD EPYC 9554 64-Core Processor,matmul,777x1111x333,f32,cpu-vec-kr4,"tforge-cpu-pipeline{fuse-elementwise=1 reg-tile=6,16,4 vectorize=1}",2.35e-05,1.987e-06,0.01438,715030,0.8283,9.537e-06,0
e5e1490-dirty,23.1.2,13.3,24105050,2026-09-27T04:19:09-07:00,AMD EPYC 9554 64-Core Processor,matmul,777x1111x333,f32,numpy-openblas,"numpy matmul (+ add, maximum), 1 thread",2.35e-05,1.987e-06,0.01438,715030,0.8283,9.537e-06,0
e5e1490-dirty,23.1.2,13.3,24105050,2026-09-27T04:19:09-07:00,NVIDIA RTX PRO 6000 Blackwell Max-Q Workstation Edition,matmul,777x1111x333,f32,gpu-naive,"tforge-gpu-pipeline{block-tile=16,16 thread-tile=1,1}",2.35e-05,1.987e-06,0.01438,715030,0.8283,9.537e-06,0
e5e1490-dirty,23.1.2,13.3,24105050,2026-09-27T04:19:09-07:00,NVIDIA RTX PRO 6000 Blackwell Max-Q Workstation Edition,matmul,777x1111x333,f32,gpu-staged-bk8,"tforge-gpu-pipeline{block-tile=128,64 thread-tile=8,4 tile-k=8 promote=1 vectorize=1}",2.35e-05,1.987e-06,0.01438,715030,0.8283,9.537e-06,0
e5e1490-dirty,23.1.2,13.3,24105050,2026-09-27T04:19:09-07:00,NVIDIA RTX PRO 6000 Blackwell Max-Q Workstation Edition,matmul,777x1111x333,f32,gpu-staged-bk16,"tforge-gpu-pipeline{block-tile=128,64 thread-tile=8,4 tile-k=16 promote=1 vectorize=1}",2.35e-05,1.987e-06,0.01438,715030,0.8283,9.537e-06,0
e5e1490-dirty,23.1.2,13.3,24105050,2026-09-27T04:19:09-07:00,NVIDIA RTX PRO 6000 Blackwell Max-Q Workstation Edition,matmul,777x1111x333,f32,gpu-staged-bk32,"tforge-gpu-pipeline{block-tile=128,64 thread-tile=8,4 tile-k=32 promote=1 vectorize=1}",2.35e-05,1.987e-06,0.01438,715030,0.8283,9.537e-06,0
e5e1490-dirty,23.1.2,13.3,24105050,2026-09-27T04:19:09-07:00,NVIDIA RTX PRO 6000 Blackwell Max-Q Workstation Edition,matmul,777x1111x333,f32,cublas,cublasSgemm FP32 default math,2.35e-05,1.987e-06,0.01438,715030,0.8283,9.537e-06,0
e5e1490-dirty,23.1.2,13.3,24105050,2026-09-27T04:19:09-07:00,AMD EPYC 9554 64-Core Processor,matmul,512x512x4096,f32,cpu-scalar,tforge-cpu-pipeline{},0.0003017,2.432e-05,0.001189,0,0.0000,0,238836
e5e1490-dirty,23.1.2,13.3,24105050,2026-09-27T04:19:09-07:00,AMD EPYC 9554 64-Core Processor,matmul,512x512x4096,f32,cpu-fused-tiled-32,"tforge-cpu-pipeline{fuse-elementwise=1 tile-sizes=32,32}",0.0003017,2.432e-05,0.001189,0,0.0000,0,238836
e5e1490-dirty,23.1.2,13.3,24105050,2026-09-27T04:19:09-07:00,AMD EPYC 9554 64-Core Processor,matmul,512x512x4096,f32,cpu-vec-kr1,"tforge-cpu-pipeline{fuse-elementwise=1 reg-tile=6,16,1 vectorize=1}",0.0003017,2.434e-05,0.001218,238836,0.9111,5.341e-05,0
e5e1490-dirty,23.1.2,13.3,24105050,2026-09-27T04:19:09-07:00,AMD EPYC 9554 64-Core Processor,matmul,512x512x4096,f32,cpu-vec-kr4,"tforge-cpu-pipeline{fuse-elementwise=1 reg-tile=6,16,4 vectorize=1}",0.0003017,2.434e-05,0.001218,238836,0.9111,5.341e-05,0
e5e1490-dirty,23.1.2,13.3,24105050,2026-09-27T04:19:09-07:00,AMD EPYC 9554 64-Core Processor,matmul,512x512x4096,f32,numpy-openblas,"numpy matmul (+ add, maximum), 1 thread",5.538e-05,8.706e-06,0.0002223,255601,0.9750,0.0002975,255612
e5e1490-dirty,23.1.2,13.3,24105050,2026-09-27T04:19:09-07:00,NVIDIA RTX PRO 6000 Blackwell Max-Q Workstation Edition,matmul,512x512x4096,f32,gpu-naive,"tforge-gpu-pipeline{block-tile=16,16 thread-tile=1,1}",0.0003017,2.434e-05,0.001218,238836,0.9111,5.341e-05,0
e5e1490-dirty,23.1.2,13.3,24105050,2026-09-27T04:19:09-07:00,NVIDIA RTX PRO 6000 Blackwell Max-Q Workstation Edition,matmul,512x512x4096,f32,gpu-staged-bk8,"tforge-gpu-pipeline{block-tile=128,64 thread-tile=8,4 tile-k=8 promote=1 vectorize=1}",0.0003017,2.434e-05,0.001218,238836,0.9111,5.341e-05,0
e5e1490-dirty,23.1.2,13.3,24105050,2026-09-27T04:19:09-07:00,NVIDIA RTX PRO 6000 Blackwell Max-Q Workstation Edition,matmul,512x512x4096,f32,gpu-staged-bk16,"tforge-gpu-pipeline{block-tile=128,64 thread-tile=8,4 tile-k=16 promote=1 vectorize=1}",0.0003017,2.434e-05,0.001218,238836,0.9111,5.341e-05,0
e5e1490-dirty,23.1.2,13.3,24105050,2026-09-27T04:19:09-07:00,NVIDIA RTX PRO 6000 Blackwell Max-Q Workstation Edition,matmul,512x512x4096,f32,gpu-staged-bk32,"tforge-gpu-pipeline{block-tile=128,64 thread-tile=8,4 tile-k=32 promote=1 vectorize=1}",0.0003017,2.434e-05,0.001218,238836,0.9111,5.341e-05,0
e5e1490-dirty,23.1.2,13.3,24105050,2026-09-27T04:19:09-07:00,NVIDIA RTX PRO 6000 Blackwell Max-Q Workstation Edition,matmul,512x512x4096,f32,cublas,cublasSgemm FP32 default math,7.298e-05,1.098e-05,0.000291,255669,0.9753,0.0003052,255654
