gpu,job_id,date,cuda_runtime,cuda_driver,build_type,kernel,variant,n,bytes,flops,grid,block,dyn_smem,regs,local_bytes,static_smem,blocks_per_sm,theo_occupancy,launches_per_rep,l2_flush,warmup,reps,median_ms,min_ms,stddev_ms,metric_value,metric_unit,launch_bound,M,N,K
NVIDIA RTX PRO 6000 Blackwell Max-Q Workstation Edition,24105050,2026-09-27T03:38:57-0700,13.3,13.0,Release,v5_2d_regblock,BMxBNxBKxTMxTN=128x128x8x8x8,256,786432,33554432,2x2,256,0,89,0,8192,2,0.333,1,0,10,100,0.104912,0.103392,0.000990,319.8,GFLOP/s,0,256,256,256
NVIDIA RTX PRO 6000 Blackwell Max-Q Workstation Edition,24105050,2026-09-27T03:38:57-0700,13.3,13.0,Release,v6_vectorized,BMxBNxBKxTMxTN=128x128x8x8x8;float4,256,786432,33554432,2x2,256,0,94,0,8192,2,0.333,1,0,10,100,0.045584,0.044096,0.001015,736.1,GFLOP/s,0,256,256,256
NVIDIA RTX PRO 6000 Blackwell Max-Q Workstation Edition,24105050,2026-09-27T03:38:58-0700,13.3,13.0,Release,v5_2d_regblock,BMxBNxBKxTMxTN=128x128x8x8x8,512,3145728,268435456,4x4,256,0,89,0,8192,2,0.333,1,0,10,100,0.196432,0.194112,0.000941,1366.6,GFLOP/s,0,512,512,512
NVIDIA RTX PRO 6000 Blackwell Max-Q Workstation Edition,24105050,2026-09-27T03:38:59-0700,13.3,13.0,Release,v6_vectorized,BMxBNxBKxTMxTN=128x128x8x8x8;float4,512,3145728,268435456,4x4,256,0,94,0,8192,2,0.333,1,0,10,100,0.085616,0.083072,0.000620,3135.3,GFLOP/s,0,512,512,512
NVIDIA RTX PRO 6000 Blackwell Max-Q Workstation Edition,24105050,2026-09-27T03:39:04-0700,13.3,13.0,Release,v5_2d_regblock,BMxBNxBKxTMxTN=128x128x8x8x8,1024,12582912,2147483648,8x8,256,0,89,0,8192,2,0.333,1,0,10,100,0.378400,0.375616,0.001020,5675.2,GFLOP/s,0,1024,1024,1024
NVIDIA RTX PRO 6000 Blackwell Max-Q Workstation Edition,24105050,2026-09-27T03:39:09-0700,13.3,13.0,Release,v6_vectorized,BMxBNxBKxTMxTN=128x128x8x8x8;float4,1024,12582912,2147483648,8x8,256,0,94,0,8192,2,0.333,1,0,10,100,0.163520,0.160960,0.000959,13132.9,GFLOP/s,0,1024,1024,1024
NVIDIA RTX PRO 6000 Blackwell Max-Q Workstation Edition,24105050,2026-09-27T03:39:09-0700,13.3,13.0,Release,v5_2d_regblock,BMxBNxBKxTMxTN=128x128x8x8x8,2048,50331648,17179869184,16x16,256,0,89,0,8192,2,0.333,1,0,10,100,0.913680,0.905888,0.003318,18802.9,GFLOP/s,0,2048,2048,2048
NVIDIA RTX PRO 6000 Blackwell Max-Q Workstation Edition,24105050,2026-09-27T03:39:10-0700,13.3,13.0,Release,v6_vectorized,BMxBNxBKxTMxTN=128x128x8x8x8;float4,2048,50331648,17179869184,16x16,256,0,94,0,8192,2,0.333,1,0,10,100,0.505872,0.501312,0.001981,33960.9,GFLOP/s,0,2048,2048,2048
NVIDIA RTX PRO 6000 Blackwell Max-Q Workstation Edition,24105050,2026-09-27T03:39:11-0700,13.3,13.0,Release,v5_2d_regblock,BMxBNxBKxTMxTN=128x128x8x8x8,4096,201326592,137438953472,32x32,256,0,89,0,8192,2,0.333,1,0,10,100,5.884896,5.644000,0.098273,23354.5,GFLOP/s,0,4096,4096,4096
NVIDIA RTX PRO 6000 Blackwell Max-Q Workstation Edition,24105050,2026-09-27T03:39:13-0700,13.3,13.0,Release,v6_vectorized,BMxBNxBKxTMxTN=128x128x8x8x8;float4,4096,201326592,137438953472,32x32,256,0,94,0,8192,2,0.333,1,0,10,100,3.684576,3.400032,0.120188,37301.2,GFLOP/s,0,4096,4096,4096
NVIDIA RTX PRO 6000 Blackwell Max-Q Workstation Edition,24105050,2026-09-27T03:39:17-0700,13.3,13.0,Release,v5_2d_regblock,BMxBNxBKxTMxTN=128x128x8x8x8,1000,12000000,2000000000,8x8,256,0,89,0,8192,2,0.333,1,0,10,100,0.368336,0.365600,0.001204,5429.8,GFLOP/s,0,1000,1000,1000
NVIDIA RTX PRO 6000 Blackwell Max-Q Workstation Edition,24105050,2026-09-27T03:39:22-0700,13.3,13.0,Release,v6_vectorized,BMxBNxBKxTMxTN=128x128x8x8x8;float4,1000,12000000,2000000000,8x8,256,0,94,0,8192,2,0.333,1,0,10,100,0.159360,0.156672,0.000938,12550.2,GFLOP/s,0,1000,1000,1000
NVIDIA RTX PRO 6000 Blackwell Max-Q Workstation Edition,24105050,2026-09-27T03:39:23-0700,13.3,13.0,Release,v5_2d_regblock,BMxBNxBKxTMxTN=128x128x8x8x8,777,5967804,574922502,9x7,256,0,89,0,8192,2,0.333,1,0,10,100,0.135136,0.134208,0.000978,4254.4,GFLOP/s,0,777,1111,333
NVIDIA RTX PRO 6000 Blackwell Max-Q Workstation Edition,24105050,2026-09-27T03:39:25-0700,13.3,13.0,Release,v6_vectorized,BMxBNxBKxTMxTN=128x128x8x8x8;scalar_fallback,777,5967804,574922502,9x7,256,0,95,0,8192,2,0.333,1,0,10,100,0.069376,0.068288,0.000442,8287.1,GFLOP/s,0,777,1111,333
