commit,mlir_llvm_version,cuda_version,device,job_id,date,workload,shape,dtype,pipeline,params,threads,warmup,reps,median_ms,min_ms,std_ms,metric,metric_value,sm_clock_median_mhz,clock_adjusted_metric,alloc_bytes_per_call,correctness,notes
dac1827,23.1.2,13.3,NVIDIA RTX PRO 6000 Blackwell Max-Q Workstation Edition,24105050,2026-09-27T03:39:48-07:00,matmul,256x256x256,f32,triton 3.8.0 fused epilogue=0 ieee,"triton; BM: 32, BN: 64, BK: 32, GROUP_M: 8, num_warps: 4, num_ctas: 1, num_stages: 5, maxnreg: None",,10,100,0.03310399875044823,0.03209599852561951,0.004774535439675158,GFLOP/s,1013.6066114836254,2325.0,0.91% of FP32 peak at median clock,,err/bound=0.0163; max|x-cublas|=1.53e-05,"inputs torch uniform[-1,1] seed 1234; clock: one nvidia-smi reading right after the reps (run shorter than 50 ms)"
dac1827,23.1.2,13.3,NVIDIA RTX PRO 6000 Blackwell Max-Q Workstation Edition,24105050,2026-09-27T03:39:48-07:00,matmul,512x512x512,f32,triton 3.8.0 fused epilogue=0 ieee,"triton; BM: 32, BN: 64, BK: 32, GROUP_M: 8, num_warps: 4, num_ctas: 1, num_stages: 5, maxnreg: None",,10,100,0.03827200084924698,0.0363520011305809,0.0052114327107831825,GFLOP/s,7013.88613198888,2325.0,6.27% of FP32 peak at median clock,,err/bound=0.00948; max|x-cublas|=3.43e-05,"inputs torch uniform[-1,1] seed 1234; clock: one nvidia-smi reading right after the reps (run shorter than 50 ms)"
dac1827,23.1.2,13.3,NVIDIA RTX PRO 6000 Blackwell Max-Q Workstation Edition,24105050,2026-09-27T03:39:48-07:00,matmul,1024x1024x1024,f32,triton 3.8.0 fused epilogue=0 ieee,"triton; BM: 128, BN: 64, BK: 64, GROUP_M: 8, num_warps: 8, num_ctas: 1, num_stages: 3, maxnreg: None",,10,100,0.0817439965903759,0.07952000200748444,0.00405930804361517,GFLOP/s,26270.842356303794,2265.0,24.10% of FP32 peak at median clock,,err/bound=0.00492; max|x-cublas|=8.01e-05,"inputs torch uniform[-1,1] seed 1234; clock: one nvidia-smi reading right after the reps (run shorter than 50 ms)"
dac1827,23.1.2,13.3,NVIDIA RTX PRO 6000 Blackwell Max-Q Workstation Edition,24105050,2026-09-27T03:39:48-07:00,matmul,2048x2048x2048,f32,triton 3.8.0 fused epilogue=0 ieee,"triton; BM: 128, BN: 64, BK: 32, GROUP_M: 8, num_warps: 4, num_ctas: 1, num_stages: 4, maxnreg: None",,10,100,0.408735990524292,0.4044159948825836,0.006565291383543717,GFLOP/s,42031.70159291115,1830.0,47.72% of FP32 peak at median clock,,err/bound=0.00261; max|x-cublas|=0.000156,"inputs torch uniform[-1,1] seed 1234; clock: median of 1 nvidia-smi samples (50 ms) during reps"
dac1827,23.1.2,13.3,NVIDIA RTX PRO 6000 Blackwell Max-Q Workstation Edition,24105050,2026-09-27T03:39:48-07:00,matmul,4096x4096x4096,f32,triton 3.8.0 fused epilogue=0 ieee,"triton; BM: 128, BN: 128, BK: 32, GROUP_M: 8, num_warps: 8, num_ctas: 1, num_stages: 3, maxnreg: None",,10,100,2.9739359617233276,2.7640318870544434,0.09408207036605619,GFLOP/s,46214.49662700783,1710.0,56.15% of FP32 peak at median clock,,err/bound=0.00145; max|x-cublas|=0.000359,"inputs torch uniform[-1,1] seed 1234; clock: median of 6 nvidia-smi samples (50 ms) during reps"
dac1827,23.1.2,13.3,NVIDIA RTX PRO 6000 Blackwell Max-Q Workstation Edition,24105050,2026-09-27T03:39:48-07:00,matmul,1000x1000x1000,f32,triton 3.8.0 fused epilogue=0 ieee,"triton; BM: 128, BN: 64, BK: 64, GROUP_M: 8, num_warps: 8, num_ctas: 1, num_stages: 3, maxnreg: None",,10,100,0.09676799923181534,0.09375999867916107,0.004444172927454557,GFLOP/s,20667.989582060523,2295.0,18.71% of FP32 peak at median clock,,err/bound=0.00437; max|x-cublas|=7.25e-05,"inputs torch uniform[-1,1] seed 1234; clock: one nvidia-smi reading right after the reps (run shorter than 50 ms)"
dac1827,23.1.2,13.3,NVIDIA RTX PRO 6000 Blackwell Max-Q Workstation Edition,24105050,2026-09-27T03:39:48-07:00,matmul,777x1111x333,f32,triton 3.8.0 fused epilogue=0 ieee,"triton; BM: 64, BN: 64, BK: 32, GROUP_M: 8, num_warps: 4, num_ctas: 1, num_stages: 4, maxnreg: None",,10,100,0.05500800162553787,0.05270399898290634,0.004040486160320286,GFLOP/s,10451.615856066437,2317.0,9.37% of FP32 peak at median clock,,err/bound=0.0151; max|x-cublas|=0,"inputs torch uniform[-1,1] seed 1234; clock: one nvidia-smi reading right after the reps (run shorter than 50 ms)"
dac1827,23.1.2,13.3,NVIDIA RTX PRO 6000 Blackwell Max-Q Workstation Edition,24105050,2026-09-27T03:39:48-07:00,mbr,256x256x256,f32,triton 3.8.0 fused epilogue=1 ieee,"triton; BM: 32, BN: 64, BK: 32, GROUP_M: 8, num_warps: 4, num_ctas: 1, num_stages: 5, maxnreg: None",,10,100,0.033296000212430954,0.032255999743938446,0.005070395197747552,GFLOP/s,1007.7616466218235,2332.0,0.90% of FP32 peak at median clock,,err/bound=0.0164; max|x-cublas|=1.53e-05,"inputs torch uniform[-1,1] seed 1234; clock: one nvidia-smi reading right after the reps (run shorter than 50 ms)"
dac1827,23.1.2,13.3,NVIDIA RTX PRO 6000 Blackwell Max-Q Workstation Edition,24105050,2026-09-27T03:39:48-07:00,mbr,512x512x512,f32,triton 3.8.0 fused epilogue=1 ieee,"triton; BM: 32, BN: 64, BK: 32, GROUP_M: 8, num_warps: 4, num_ctas: 1, num_stages: 5, maxnreg: None",,10,100,0.03843199834227562,0.03670400008559227,0.004365914740344749,GFLOP/s,6984.686396198088,2332.0,6.22% of FP32 peak at median clock,,err/bound=0.0077; max|x-cublas|=2.86e-05,"inputs torch uniform[-1,1] seed 1234; clock: one nvidia-smi reading right after the reps (run shorter than 50 ms)"
dac1827,23.1.2,13.3,NVIDIA RTX PRO 6000 Blackwell Max-Q Workstation Edition,24105050,2026-09-27T03:39:48-07:00,mbr,1024x1024x1024,f32,triton 3.8.0 fused epilogue=1 ieee,"triton; BM: 128, BN: 64, BK: 64, GROUP_M: 8, num_warps: 8, num_ctas: 1, num_stages: 3, maxnreg: None",,10,100,0.08241600170731544,0.08012799918651581,0.004549016755880613,GFLOP/s,26056.63467667813,2257.0,23.99% of FP32 peak at median clock,,err/bound=0.0042; max|x-cublas|=6.87e-05,"inputs torch uniform[-1,1] seed 1234; clock: one nvidia-smi reading right after the reps (run shorter than 50 ms)"
dac1827,23.1.2,13.3,NVIDIA RTX PRO 6000 Blackwell Max-Q Workstation Edition,24105050,2026-09-27T03:39:48-07:00,mbr,2048x2048x2048,f32,triton 3.8.0 fused epilogue=1 ieee,"triton; BM: 128, BN: 64, BK: 32, GROUP_M: 8, num_warps: 4, num_ctas: 1, num_stages: 4, maxnreg: None",,10,100,0.41196800768375397,0.4081279933452606,0.005981494501666207,GFLOP/s,41701.949820307585,1800.0,48.14% of FP32 peak at median clock,,err/bound=0.00256; max|x-cublas|=0.000149,"inputs torch uniform[-1,1] seed 1234; clock: median of 1 nvidia-smi samples (50 ms) during reps"
dac1827,23.1.2,13.3,NVIDIA RTX PRO 6000 Blackwell Max-Q Workstation Edition,24105050,2026-09-27T03:39:48-07:00,mbr,4096x4096x4096,f32,triton 3.8.0 fused epilogue=1 ieee,"triton; BM: 128, BN: 128, BK: 32, GROUP_M: 8, num_warps: 8, num_ctas: 1, num_stages: 3, maxnreg: None",,10,100,2.9833439588546753,2.7725439071655273,0.0922402654132302,GFLOP/s,46068.75887176069,2085.0,45.91% of FP32 peak at median clock,,err/bound=0.00145; max|x-cublas|=0.000359,"inputs torch uniform[-1,1] seed 1234; clock: median of 6 nvidia-smi samples (50 ms) during reps"
dac1827,23.1.2,13.3,NVIDIA RTX PRO 6000 Blackwell Max-Q Workstation Edition,24105050,2026-09-27T03:39:48-07:00,mbr,1000x1000x1000,f32,triton 3.8.0 fused epilogue=1 ieee,"triton; BM: 64, BN: 64, BK: 32, GROUP_M: 8, num_warps: 4, num_ctas: 1, num_stages: 4, maxnreg: None",,10,100,0.10211200267076492,0.0997759997844696,0.0057931576122224335,GFLOP/s,19586.336059322126,2265.0,17.97% of FP32 peak at median clock,,err/bound=0.00424; max|x-cublas|=7.25e-05,"inputs torch uniform[-1,1] seed 1234; clock: one nvidia-smi reading right after the reps (run shorter than 50 ms)"
dac1827,23.1.2,13.3,NVIDIA RTX PRO 6000 Blackwell Max-Q Workstation Edition,24105050,2026-09-27T03:39:48-07:00,mbr,777x1111x333,f32,triton 3.8.0 fused epilogue=1 ieee,"triton; BM: 64, BN: 64, BK: 32, GROUP_M: 8, num_warps: 4, num_ctas: 1, num_stages: 4, maxnreg: None",,10,100,0.053360000252723694,0.05145600065588951,0.003935478539571547,GFLOP/s,10774.409656616404,2317.0,9.66% of FP32 peak at median clock,,err/bound=0.0132; max|x-cublas|=0,"inputs torch uniform[-1,1] seed 1234; clock: one nvidia-smi reading right after the reps (run shorter than 50 ms)"
