commit,mlir_llvm_version,cuda_version,job_id,date,host_cpu,config,pipeline,shape,step,median_s,min_s,reps
e5e1490-dirty,23.1.2,13.3,24105050,2026-09-27T04:20:47-07:00,AMD EPYC 9554 64-Core Processor,cpu-baseline,--tforge-cpu-pipeline,256x256x256,tensorforge-opt,0.0405,0.0385,5
e5e1490-dirty,23.1.2,13.3,24105050,2026-09-27T04:20:47-07:00,AMD EPYC 9554 64-Core Processor,cpu-baseline,--tforge-cpu-pipeline,256x256x256,mlir-translate,0.0530,0.0517,5
e5e1490-dirty,23.1.2,13.3,24105050,2026-09-27T04:20:47-07:00,AMD EPYC 9554 64-Core Processor,cpu-baseline,--tforge-cpu-pipeline,256x256x256,opt -O3,0.0251,0.0240,5
e5e1490-dirty,23.1.2,13.3,24105050,2026-09-27T04:20:47-07:00,AMD EPYC 9554 64-Core Processor,cpu-baseline,--tforge-cpu-pipeline,256x256x256,llc -O3,0.0266,0.0249,5
e5e1490-dirty,23.1.2,13.3,24105050,2026-09-27T04:20:47-07:00,AMD EPYC 9554 64-Core Processor,cpu-baseline,--tforge-cpu-pipeline,256x256x256,link .so,0.1103,0.0921,5
e5e1490-dirty,23.1.2,13.3,24105050,2026-09-27T04:20:47-07:00,AMD EPYC 9554 64-Core Processor,cpu-baseline,--tforge-cpu-pipeline,256x256x256,total (sum of medians),0.2556,,5
e5e1490-dirty,23.1.2,13.3,24105050,2026-09-27T04:20:47-07:00,AMD EPYC 9554 64-Core Processor,cpu-baseline,--tforge-cpu-pipeline,1024x1024x1024,tensorforge-opt,0.0305,0.0282,5
e5e1490-dirty,23.1.2,13.3,24105050,2026-09-27T04:20:47-07:00,AMD EPYC 9554 64-Core Processor,cpu-baseline,--tforge-cpu-pipeline,1024x1024x1024,mlir-translate,0.0612,0.0527,5
e5e1490-dirty,23.1.2,13.3,24105050,2026-09-27T04:20:47-07:00,AMD EPYC 9554 64-Core Processor,cpu-baseline,--tforge-cpu-pipeline,1024x1024x1024,opt -O3,0.0365,0.0337,5
e5e1490-dirty,23.1.2,13.3,24105050,2026-09-27T04:20:47-07:00,AMD EPYC 9554 64-Core Processor,cpu-baseline,--tforge-cpu-pipeline,1024x1024x1024,llc -O3,0.0363,0.0267,5
e5e1490-dirty,23.1.2,13.3,24105050,2026-09-27T04:20:47-07:00,AMD EPYC 9554 64-Core Processor,cpu-baseline,--tforge-cpu-pipeline,1024x1024x1024,link .so,0.0736,0.0643,5
e5e1490-dirty,23.1.2,13.3,24105050,2026-09-27T04:20:47-07:00,AMD EPYC 9554 64-Core Processor,cpu-baseline,--tforge-cpu-pipeline,1024x1024x1024,total (sum of medians),0.2381,,5
e5e1490-dirty,23.1.2,13.3,24105050,2026-09-27T04:20:47-07:00,AMD EPYC 9554 64-Core Processor,cpu-baseline,--tforge-cpu-pipeline,4096x4096x4096,tensorforge-opt,0.0323,0.0320,5
e5e1490-dirty,23.1.2,13.3,24105050,2026-09-27T04:20:47-07:00,AMD EPYC 9554 64-Core Processor,cpu-baseline,--tforge-cpu-pipeline,4096x4096x4096,mlir-translate,0.0553,0.0463,5
e5e1490-dirty,23.1.2,13.3,24105050,2026-09-27T04:20:47-07:00,AMD EPYC 9554 64-Core Processor,cpu-baseline,--tforge-cpu-pipeline,4096x4096x4096,opt -O3,0.0311,0.0276,5
e5e1490-dirty,23.1.2,13.3,24105050,2026-09-27T04:20:47-07:00,AMD EPYC 9554 64-Core Processor,cpu-baseline,--tforge-cpu-pipeline,4096x4096x4096,llc -O3,0.0309,0.0288,5
e5e1490-dirty,23.1.2,13.3,24105050,2026-09-27T04:20:47-07:00,AMD EPYC 9554 64-Core Processor,cpu-baseline,--tforge-cpu-pipeline,4096x4096x4096,link .so,0.1042,0.0794,5
e5e1490-dirty,23.1.2,13.3,24105050,2026-09-27T04:20:47-07:00,AMD EPYC 9554 64-Core Processor,cpu-baseline,--tforge-cpu-pipeline,4096x4096x4096,total (sum of medians),0.2537,,5
e5e1490-dirty,23.1.2,13.3,24105050,2026-09-27T04:20:47-07:00,AMD EPYC 9554 64-Core Processor,cpu-fused-vectorized,"--tforge-cpu-pipeline=fuse-elementwise=1 reg-tile=6,16,4 vectorize=1",256x256x256,tensorforge-opt,0.0505,0.0435,5
e5e1490-dirty,23.1.2,13.3,24105050,2026-09-27T04:20:47-07:00,AMD EPYC 9554 64-Core Processor,cpu-fused-vectorized,"--tforge-cpu-pipeline=fuse-elementwise=1 reg-tile=6,16,4 vectorize=1",256x256x256,mlir-translate,0.0586,0.0580,5
e5e1490-dirty,23.1.2,13.3,24105050,2026-09-27T04:20:47-07:00,AMD EPYC 9554 64-Core Processor,cpu-fused-vectorized,"--tforge-cpu-pipeline=fuse-elementwise=1 reg-tile=6,16,4 vectorize=1",256x256x256,opt -O3,0.0359,0.0311,5
e5e1490-dirty,23.1.2,13.3,24105050,2026-09-27T04:20:47-07:00,AMD EPYC 9554 64-Core Processor,cpu-fused-vectorized,"--tforge-cpu-pipeline=fuse-elementwise=1 reg-tile=6,16,4 vectorize=1",256x256x256,llc -O3,0.0389,0.0318,5
e5e1490-dirty,23.1.2,13.3,24105050,2026-09-27T04:20:47-07:00,AMD EPYC 9554 64-Core Processor,cpu-fused-vectorized,"--tforge-cpu-pipeline=fuse-elementwise=1 reg-tile=6,16,4 vectorize=1",256x256x256,link .so,0.1068,0.1015,5
e5e1490-dirty,23.1.2,13.3,24105050,2026-09-27T04:20:47-07:00,AMD EPYC 9554 64-Core Processor,cpu-fused-vectorized,"--tforge-cpu-pipeline=fuse-elementwise=1 reg-tile=6,16,4 vectorize=1",256x256x256,total (sum of medians),0.2907,,5
e5e1490-dirty,23.1.2,13.3,24105050,2026-09-27T04:20:47-07:00,AMD EPYC 9554 64-Core Processor,cpu-fused-vectorized,"--tforge-cpu-pipeline=fuse-elementwise=1 reg-tile=6,16,4 vectorize=1",1024x1024x1024,tensorforge-opt,0.0502,0.0416,5
e5e1490-dirty,23.1.2,13.3,24105050,2026-09-27T04:20:47-07:00,AMD EPYC 9554 64-Core Processor,cpu-fused-vectorized,"--tforge-cpu-pipeline=fuse-elementwise=1 reg-tile=6,16,4 vectorize=1",1024x1024x1024,mlir-translate,0.0588,0.0520,5
e5e1490-dirty,23.1.2,13.3,24105050,2026-09-27T04:20:47-07:00,AMD EPYC 9554 64-Core Processor,cpu-fused-vectorized,"--tforge-cpu-pipeline=fuse-elementwise=1 reg-tile=6,16,4 vectorize=1",1024x1024x1024,opt -O3,0.0388,0.0360,5
e5e1490-dirty,23.1.2,13.3,24105050,2026-09-27T04:20:47-07:00,AMD EPYC 9554 64-Core Processor,cpu-fused-vectorized,"--tforge-cpu-pipeline=fuse-elementwise=1 reg-tile=6,16,4 vectorize=1",1024x1024x1024,llc -O3,0.0386,0.0355,5
e5e1490-dirty,23.1.2,13.3,24105050,2026-09-27T04:20:47-07:00,AMD EPYC 9554 64-Core Processor,cpu-fused-vectorized,"--tforge-cpu-pipeline=fuse-elementwise=1 reg-tile=6,16,4 vectorize=1",1024x1024x1024,link .so,0.1029,0.0649,5
e5e1490-dirty,23.1.2,13.3,24105050,2026-09-27T04:20:47-07:00,AMD EPYC 9554 64-Core Processor,cpu-fused-vectorized,"--tforge-cpu-pipeline=fuse-elementwise=1 reg-tile=6,16,4 vectorize=1",1024x1024x1024,total (sum of medians),0.2892,,5
e5e1490-dirty,23.1.2,13.3,24105050,2026-09-27T04:20:47-07:00,AMD EPYC 9554 64-Core Processor,cpu-fused-vectorized,"--tforge-cpu-pipeline=fuse-elementwise=1 reg-tile=6,16,4 vectorize=1",4096x4096x4096,tensorforge-opt,0.0508,0.0489,5
e5e1490-dirty,23.1.2,13.3,24105050,2026-09-27T04:20:47-07:00,AMD EPYC 9554 64-Core Processor,cpu-fused-vectorized,"--tforge-cpu-pipeline=fuse-elementwise=1 reg-tile=6,16,4 vectorize=1",4096x4096x4096,mlir-translate,0.0529,0.0492,5
e5e1490-dirty,23.1.2,13.3,24105050,2026-09-27T04:20:47-07:00,AMD EPYC 9554 64-Core Processor,cpu-fused-vectorized,"--tforge-cpu-pipeline=fuse-elementwise=1 reg-tile=6,16,4 vectorize=1",4096x4096x4096,opt -O3,0.0352,0.0345,5
e5e1490-dirty,23.1.2,13.3,24105050,2026-09-27T04:20:47-07:00,AMD EPYC 9554 64-Core Processor,cpu-fused-vectorized,"--tforge-cpu-pipeline=fuse-elementwise=1 reg-tile=6,16,4 vectorize=1",4096x4096x4096,llc -O3,0.0380,0.0300,5
e5e1490-dirty,23.1.2,13.3,24105050,2026-09-27T04:20:47-07:00,AMD EPYC 9554 64-Core Processor,cpu-fused-vectorized,"--tforge-cpu-pipeline=fuse-elementwise=1 reg-tile=6,16,4 vectorize=1",4096x4096x4096,link .so,0.1040,0.0880,5
e5e1490-dirty,23.1.2,13.3,24105050,2026-09-27T04:20:47-07:00,AMD EPYC 9554 64-Core Processor,cpu-fused-vectorized,"--tforge-cpu-pipeline=fuse-elementwise=1 reg-tile=6,16,4 vectorize=1",4096x4096x4096,total (sum of medians),0.2809,,5
e5e1490-dirty,23.1.2,13.3,24105050,2026-09-27T04:20:47-07:00,AMD EPYC 9554 64-Core Processor,gpu-naive,"--tforge-gpu-pipeline=block-tile=16,16 thread-tile=1,1",256x256x256,tensorforge-opt,0.0472,0.0385,5
e5e1490-dirty,23.1.2,13.3,24105050,2026-09-27T04:20:47-07:00,AMD EPYC 9554 64-Core Processor,gpu-naive,"--tforge-gpu-pipeline=block-tile=16,16 thread-tile=1,1",256x256x256,mlir-translate,0.0537,0.0482,5
e5e1490-dirty,23.1.2,13.3,24105050,2026-09-27T04:20:47-07:00,AMD EPYC 9554 64-Core Processor,gpu-naive,"--tforge-gpu-pipeline=block-tile=16,16 thread-tile=1,1",256x256x256,opt -O3,0.0237,0.0214,5
e5e1490-dirty,23.1.2,13.3,24105050,2026-09-27T04:20:47-07:00,AMD EPYC 9554 64-Core Processor,gpu-naive,"--tforge-gpu-pipeline=block-tile=16,16 thread-tile=1,1",256x256x256,llc -O3,0.0255,0.0251,5
e5e1490-dirty,23.1.2,13.3,24105050,2026-09-27T04:20:47-07:00,AMD EPYC 9554 64-Core Processor,gpu-naive,"--tforge-gpu-pipeline=block-tile=16,16 thread-tile=1,1",256x256x256,ptxas -O3,0.0249,0.0244,5
e5e1490-dirty,23.1.2,13.3,24105050,2026-09-27T04:20:47-07:00,AMD EPYC 9554 64-Core Processor,gpu-naive,"--tforge-gpu-pipeline=block-tile=16,16 thread-tile=1,1",256x256x256,total (sum of medians),0.1750,,5
e5e1490-dirty,23.1.2,13.3,24105050,2026-09-27T04:20:47-07:00,AMD EPYC 9554 64-Core Processor,gpu-naive,"--tforge-gpu-pipeline=block-tile=16,16 thread-tile=1,1",1024x1024x1024,tensorforge-opt,0.0469,0.0433,5
e5e1490-dirty,23.1.2,13.3,24105050,2026-09-27T04:20:47-07:00,AMD EPYC 9554 64-Core Processor,gpu-naive,"--tforge-gpu-pipeline=block-tile=16,16 thread-tile=1,1",1024x1024x1024,mlir-translate,0.0520,0.0474,5
e5e1490-dirty,23.1.2,13.3,24105050,2026-09-27T04:20:47-07:00,AMD EPYC 9554 64-Core Processor,gpu-naive,"--tforge-gpu-pipeline=block-tile=16,16 thread-tile=1,1",1024x1024x1024,opt -O3,0.0347,0.0308,5
e5e1490-dirty,23.1.2,13.3,24105050,2026-09-27T04:20:47-07:00,AMD EPYC 9554 64-Core Processor,gpu-naive,"--tforge-gpu-pipeline=block-tile=16,16 thread-tile=1,1",1024x1024x1024,llc -O3,0.0371,0.0326,5
e5e1490-dirty,23.1.2,13.3,24105050,2026-09-27T04:20:47-07:00,AMD EPYC 9554 64-Core Processor,gpu-naive,"--tforge-gpu-pipeline=block-tile=16,16 thread-tile=1,1",1024x1024x1024,ptxas -O3,0.0248,0.0245,5
e5e1490-dirty,23.1.2,13.3,24105050,2026-09-27T04:20:47-07:00,AMD EPYC 9554 64-Core Processor,gpu-naive,"--tforge-gpu-pipeline=block-tile=16,16 thread-tile=1,1",1024x1024x1024,total (sum of medians),0.1955,,5
e5e1490-dirty,23.1.2,13.3,24105050,2026-09-27T04:20:47-07:00,AMD EPYC 9554 64-Core Processor,gpu-naive,"--tforge-gpu-pipeline=block-tile=16,16 thread-tile=1,1",4096x4096x4096,tensorforge-opt,0.0342,0.0339,5
e5e1490-dirty,23.1.2,13.3,24105050,2026-09-27T04:20:47-07:00,AMD EPYC 9554 64-Core Processor,gpu-naive,"--tforge-gpu-pipeline=block-tile=16,16 thread-tile=1,1",4096x4096x4096,mlir-translate,0.0559,0.0460,5
e5e1490-dirty,23.1.2,13.3,24105050,2026-09-27T04:20:47-07:00,AMD EPYC 9554 64-Core Processor,gpu-naive,"--tforge-gpu-pipeline=block-tile=16,16 thread-tile=1,1",4096x4096x4096,opt -O3,0.0257,0.0233,5
e5e1490-dirty,23.1.2,13.3,24105050,2026-09-27T04:20:47-07:00,AMD EPYC 9554 64-Core Processor,gpu-naive,"--tforge-gpu-pipeline=block-tile=16,16 thread-tile=1,1",4096x4096x4096,llc -O3,0.0367,0.0330,5
e5e1490-dirty,23.1.2,13.3,24105050,2026-09-27T04:20:47-07:00,AMD EPYC 9554 64-Core Processor,gpu-naive,"--tforge-gpu-pipeline=block-tile=16,16 thread-tile=1,1",4096x4096x4096,ptxas -O3,0.0253,0.0252,5
e5e1490-dirty,23.1.2,13.3,24105050,2026-09-27T04:20:47-07:00,AMD EPYC 9554 64-Core Processor,gpu-naive,"--tforge-gpu-pipeline=block-tile=16,16 thread-tile=1,1",4096x4096x4096,total (sum of medians),0.1778,,5
e5e1490-dirty,23.1.2,13.3,24105050,2026-09-27T04:20:47-07:00,AMD EPYC 9554 64-Core Processor,gpu-staged,"--tforge-gpu-pipeline=block-tile=128,64 thread-tile=8,4 tile-k=16 promote=1 vectorize=1",256x256x256,tensorforge-opt,0.0641,0.0535,5
e5e1490-dirty,23.1.2,13.3,24105050,2026-09-27T04:20:47-07:00,AMD EPYC 9554 64-Core Processor,gpu-staged,"--tforge-gpu-pipeline=block-tile=128,64 thread-tile=8,4 tile-k=16 promote=1 vectorize=1",256x256x256,mlir-translate,0.0702,0.0587,5
e5e1490-dirty,23.1.2,13.3,24105050,2026-09-27T04:20:47-07:00,AMD EPYC 9554 64-Core Processor,gpu-staged,"--tforge-gpu-pipeline=block-tile=128,64 thread-tile=8,4 tile-k=16 promote=1 vectorize=1",256x256x256,opt -O3,0.0401,0.0329,5
e5e1490-dirty,23.1.2,13.3,24105050,2026-09-27T04:20:47-07:00,AMD EPYC 9554 64-Core Processor,gpu-staged,"--tforge-gpu-pipeline=block-tile=128,64 thread-tile=8,4 tile-k=16 promote=1 vectorize=1",256x256x256,llc -O3,0.0306,0.0302,5
e5e1490-dirty,23.1.2,13.3,24105050,2026-09-27T04:20:47-07:00,AMD EPYC 9554 64-Core Processor,gpu-staged,"--tforge-gpu-pipeline=block-tile=128,64 thread-tile=8,4 tile-k=16 promote=1 vectorize=1",256x256x256,ptxas -O3,0.0536,0.0534,5
e5e1490-dirty,23.1.2,13.3,24105050,2026-09-27T04:20:47-07:00,AMD EPYC 9554 64-Core Processor,gpu-staged,"--tforge-gpu-pipeline=block-tile=128,64 thread-tile=8,4 tile-k=16 promote=1 vectorize=1",256x256x256,total (sum of medians),0.2587,,5
e5e1490-dirty,23.1.2,13.3,24105050,2026-09-27T04:20:47-07:00,AMD EPYC 9554 64-Core Processor,gpu-staged,"--tforge-gpu-pipeline=block-tile=128,64 thread-tile=8,4 tile-k=16 promote=1 vectorize=1",1024x1024x1024,tensorforge-opt,0.0640,0.0608,5
e5e1490-dirty,23.1.2,13.3,24105050,2026-09-27T04:20:47-07:00,AMD EPYC 9554 64-Core Processor,gpu-staged,"--tforge-gpu-pipeline=block-tile=128,64 thread-tile=8,4 tile-k=16 promote=1 vectorize=1",1024x1024x1024,mlir-translate,0.0594,0.0522,5
e5e1490-dirty,23.1.2,13.3,24105050,2026-09-27T04:20:47-07:00,AMD EPYC 9554 64-Core Processor,gpu-staged,"--tforge-gpu-pipeline=block-tile=128,64 thread-tile=8,4 tile-k=16 promote=1 vectorize=1",1024x1024x1024,opt -O3,0.0414,0.0382,5
e5e1490-dirty,23.1.2,13.3,24105050,2026-09-27T04:20:47-07:00,AMD EPYC 9554 64-Core Processor,gpu-staged,"--tforge-gpu-pipeline=block-tile=128,64 thread-tile=8,4 tile-k=16 promote=1 vectorize=1",1024x1024x1024,llc -O3,0.0429,0.0390,5
e5e1490-dirty,23.1.2,13.3,24105050,2026-09-27T04:20:47-07:00,AMD EPYC 9554 64-Core Processor,gpu-staged,"--tforge-gpu-pipeline=block-tile=128,64 thread-tile=8,4 tile-k=16 promote=1 vectorize=1",1024x1024x1024,ptxas -O3,0.0531,0.0525,5
e5e1490-dirty,23.1.2,13.3,24105050,2026-09-27T04:20:47-07:00,AMD EPYC 9554 64-Core Processor,gpu-staged,"--tforge-gpu-pipeline=block-tile=128,64 thread-tile=8,4 tile-k=16 promote=1 vectorize=1",1024x1024x1024,total (sum of medians),0.2608,,5
e5e1490-dirty,23.1.2,13.3,24105050,2026-09-27T04:20:47-07:00,AMD EPYC 9554 64-Core Processor,gpu-staged,"--tforge-gpu-pipeline=block-tile=128,64 thread-tile=8,4 tile-k=16 promote=1 vectorize=1",4096x4096x4096,tensorforge-opt,0.0639,0.0551,5
e5e1490-dirty,23.1.2,13.3,24105050,2026-09-27T04:20:47-07:00,AMD EPYC 9554 64-Core Processor,gpu-staged,"--tforge-gpu-pipeline=block-tile=128,64 thread-tile=8,4 tile-k=16 promote=1 vectorize=1",4096x4096x4096,mlir-translate,0.0600,0.0581,5
e5e1490-dirty,23.1.2,13.3,24105050,2026-09-27T04:20:47-07:00,AMD EPYC 9554 64-Core Processor,gpu-staged,"--tforge-gpu-pipeline=block-tile=128,64 thread-tile=8,4 tile-k=16 promote=1 vectorize=1",4096x4096x4096,opt -O3,0.0392,0.0320,5
e5e1490-dirty,23.1.2,13.3,24105050,2026-09-27T04:20:47-07:00,AMD EPYC 9554 64-Core Processor,gpu-staged,"--tforge-gpu-pipeline=block-tile=128,64 thread-tile=8,4 tile-k=16 promote=1 vectorize=1",4096x4096x4096,llc -O3,0.0363,0.0329,5
e5e1490-dirty,23.1.2,13.3,24105050,2026-09-27T04:20:47-07:00,AMD EPYC 9554 64-Core Processor,gpu-staged,"--tforge-gpu-pipeline=block-tile=128,64 thread-tile=8,4 tile-k=16 promote=1 vectorize=1",4096x4096x4096,ptxas -O3,0.0535,0.0534,5
e5e1490-dirty,23.1.2,13.3,24105050,2026-09-27T04:20:47-07:00,AMD EPYC 9554 64-Core Processor,gpu-staged,"--tforge-gpu-pipeline=block-tile=128,64 thread-tile=8,4 tile-k=16 promote=1 vectorize=1",4096x4096x4096,total (sum of medians),0.2528,,5
